ID,Kind,Possess,Name,MainManifest,MainAB,MainData,StateType,MainTexAB,MainTex,ColorMaskAB,ColorMaskTex,MainTex02AB,MainTex02,ColorMask02AB,ColorMask02Tex,KokanHide,ThumbAB,ThumbTex
"0","0","1","なし","abdata","chara/etc.unity3d","p_dummy","3","0","0","0","0","0","0","0","0","1","chara/etc.unity3d","thumb_none"
"1","1","1","リボンショーツ","abdata","chara/co_shorts_00.unity3d","p_o_shorts_01","2","0","cf_under_01_bot_t","0","cf_under_01_bot_mc","0","0","0","0","1","chara/thumb/co_shorts_00.unity3d","p_o_shorts_01"
"2","1","1","レーストップショーツ","abdata","chara/co_shorts_00.unity3d","p_o_shorts_02","2","0","cf_under_02_bot_t","0","cf_under_02_bot_mc","0","0","0","0","1","chara/thumb/co_shorts_00.unity3d","p_o_shorts_02"
"3","1","1","ハイレッグショーツ","abdata","chara/co_shorts_00.unity3d","p_o_shorts_03","2","0","cf_under_03_bot_t","0","cf_under_03_bot_mc","0","0","0","0","1","chara/thumb/co_shorts_00.unity3d","p_o_shorts_03"
"4","1","1","ローライズショーツ","abdata","chara/co_shorts_00.unity3d","p_o_shorts_04","2","0","cf_under_04_bot_t","0","cf_under_04_bot_mc","0","0","0","0","1","chara/thumb/co_shorts_00.unity3d","p_o_shorts_04"
"6","1","1","スポーツショーツ","abdata","chara/co_shorts_00.unity3d","p_o_shorts_06","2","0","cf_under_06_bot_t","0","cf_under_06_bot_mc","0","0","0","0","1","chara/thumb/co_shorts_00.unity3d","p_o_shorts_06"
"10","1","1","スタンダードショーツ","abdata","chara/co_shorts_00.unity3d","p_o_shorts_05_2","2","0","cf_under_05_2_bot_t","0","cf_under_05_2_bot_mc","0","0","0","0","1","chara/thumb/co_shorts_00.unity3d","p_o_shorts_05_2"
"5","1","1","くまパンツ","abdata","chara/co_shorts_00.unity3d","p_o_shorts_05","2","0","cf_under_05_bot_t","0","cf_under_05_bot_mc","0","0","0","0","1","chara/thumb/co_shorts_00.unity3d","p_o_shorts_05"
"7","2","1","ビキニ水着","abdata","chara/co_shorts_00.unity3d","p_o_bot_swim02","0","0","cf_swim02_bot_t","0","cf_swim02_bot_mc","0","cf_swim02_op_t","0","cf_swim02_op_mc","1","chara/thumb/co_shorts_00.unity3d","p_o_bot_swim02"
"8","2","1","ブーメランパンツ","abdata","chara/co_shorts_00.unity3d","p_o_bot_swim03","0","0","cf_swim03_bot_t","0","cf_swim03_bot_mc","0","0","0","0","1","chara/thumb/co_shorts_00.unity3d","p_o_bot_swim03"
"9","2","1","ふんどし","abdata","chara/co_shorts_00.unity3d","p_o_bot_swim04","0","0","cf_swim04_bot_t","0","cf_swim04_bot_mc","0","cf_swim04_bot_op_t","0","cf_swim04_bot_op_mc","1","chara/thumb/co_shorts_00.unity3d","p_o_bot_swim04"
"11","1","1","ファンシーショーツ","abdata","chara/co_shorts_00.unity3d","p_o_shorts_07","2","0","cf_under_07_bot_t","0","cf_under_07_bot_mc","0","0","0","0","1","chara/thumb/co_shorts_00.unity3d","p_o_shorts_07"
"12","1","1","リボンレースーショーツ","abdata","chara/co_shorts_00.unity3d","p_o_shorts_08","2","0","cf_under_08_bot_t","0","cf_under_08_bot_mc","0","0","0","0","1","chara/thumb/co_shorts_00.unity3d","p_o_shorts_08"
"13","1","1","オープンレースショーツ","abdata","chara/co_shorts_00.unity3d","p_o_shorts_09","2","0","cf_under_09_bot_t","0","cf_under_09_bot_mc","0","0","0","0","1","chara/thumb/co_shorts_00.unity3d","p_o_shorts_09"
"14","1","1","エレガントショーツ","abdata","chara/co_shorts_00.unity3d","p_o_shorts_10","2","0","cf_under_10_bot_t","0","cf_under_10_bot_mc","0","0","0","0","1","chara/thumb/co_shorts_00.unity3d","p_o_shorts_10"
"15","1","1","エンブレムシール(下)","abdata","chara/co_shorts_00.unity3d","p_o_shorts_emblem","2","0","0","0","0","0","0","0","0","1","chara/thumb/co_shorts_00.unity3d","p_o_shorts_emblem"