ID,Kind,Name,EyesPtn,EyeBase,EyeHitomi,EyeObjNo,MainTexAB,MainTex,TileAnim,SizeSpeed,SizeWidth,AngleSpeed,Yurayura,EpsTexAB,EpsTex
"0","0","デフォルト","0","1","1","0","0","0","0/0/0","0","0","0","0","0","0"
"1","0","両目閉じ","1","1","1","0","0","0","0/0/0","0","0","0","0","0","0"
"2","0","笑顔","2","1","1","0","0","0","0/0/0","0","0","0","0","0","0"
"3","0","笑顔　両目閉じ","3","1","1","0","0","0","0/0/0","0","0","0","0","0","0"
"4","0","微笑","4","1","1","0","0","0","0/0/0","0","0","0","0","0","0"
"5","0","ウィンク左","5","1","1","0","0","0","0/0/0","0","0","0","0","0","0"
"6","0","ウィンク右","6","1","1","0","0","0","0/0/0","0","0","0","0","0","0"
"7","0","切ない","7","1","1","0","0","0","0/0/0","0","0","0","0","0","0"
"8","0","照れ","8","1","1","0","0","0","0/0/0","0","0","0","0","0","0"
"9","0","怒り","9","1","1","0","0","0","0/0/0","0","0","0","0","0","0"
"10","0","真剣","10","1","1","0","0","0","0/0/0","0","0","0","0","0","0"
"11","0","つまらない","11","1","1","0","0","0","0/0/0","0","0","0","0","0","0"
"12","0","苦しい","12","1","1","0","0","0","0/0/0","0","0","0","0","0","0"
"13","0","嫌悪","13","1","1","0","0","0","0/0/0","0","0","0","0","0","0"
"14","0","思案","14","1","1","0","0","0","0/0/0","0","0","0","0","0","0"
"15","0","悲しい","15","1","1","0","0","0","0/0/0","0","0","0","0","0","0"
"16","0","泣き","16","1","1","0","0","0","0/0/0","0","0","0","0","0","0"
"17","0","焦り","17","1","1","0","0","0","0/0/0","0","0","0","0","0","0"
"18","0","落胆","18","1","1","0","0","0","0/0/0","0","0","0","0","0","0"
"19","0","困る","19","1","1","0","0","0","0/0/0","0","0","0","0","0","0"
"20","0","ドヤ","20","1","1","0","0","0","0/0/0","0","0","0","0","0","0"
"21","0","ぐるぐる目１","21","0","0","1","chara/mt_eye_00.unity3d","cf_t_gageye_00","1/1/1","0","0","0","0","0","0"
"22","0","ぐるぐる目２","21","0","0","1","chara/mt_eye_00.unity3d","cf_t_gageye_02","1/1/1","0","0","0","0","0","0"
"23","0","ぐるぐる目３","21","0","0","2","chara/mt_eye_00.unity3d","cf_t_gageye_01","1/1/1","0","0","-.5","0","0","0"
"24","0","瞳に星","2","1","1","0","0","0","0/0/0","0","0","0","0","chara/mt_eye_00.unity3d","cf_t_expression_01"
"25","0","瞳にハート","2","1","1","0","0","0","0/0/0","0","0","0","0","chara/mt_eye_00.unity3d","cf_t_expression_00"
"26","0","目がハート","21","0","0","2","chara/mt_eye_00.unity3d","cf_t_gageye_03","1/1/1",".5",".03","0","0","0","0"
"27","0","目に炎","10","1","1","3","chara/mt_eye_00.unity3d","cf_t_gageye_08","1/6/1","0","0","0","0","0","0"
"28","0","デフォルメウィンク","21","0","0","3","chara/mt_eye_00.unity3d","cf_t_gageye_07","1/1/1","0","0","0","0","0","0"
"29","0","縦一文字","21","0","0","1","chara/mt_eye_00.unity3d","cf_t_gageye_05","1/1/1","0","0","0","0","0","0"
"30","0","ディフォルメつむり","21","0","0","1","chara/mt_eye_00.unity3d","cf_t_gageye_04","1/1/1","0","0","0","0","0","0"
"31","0","横一文字","21","0","0","1","chara/mt_eye_00.unity3d","cf_t_gageye_06","1/1/1","0","0","0","0","0","0"
"32","0","デフォルメ泣き","21","0","0","3","chara/mt_eye_00.unity3d","cf_t_gageye_09","1/6/1","0","0","0","0","0","0"
"33","0","左目ぎゅっと閉じ","22","1","1","0","0","0","0/0/0","0","0","0","0","0","0"
"34","0","右目ぎゅっと閉じ","23","1","1","0","0","0","0/0/0","0","0","0","0","0","0"
"35","0","両目ぎゅっと閉じ","24","1","1","0","0","0","0/0/0","0","0","0","0","0","0"
"36","0","左目ぎゅっと閉じ02","25","1","1","0","0","0","0/0/0","0","0","0","0","0","0"
"37","0","右目ぎゅっと閉じ02","26","1","1","0","0","0","0/0/0","0","0","0","0","0","0"
"38","0","両目ぎゅっと閉じ02","27","1","1","0","0","0","0/0/0","0","0","0","0","0","0"