"管理番号","取得先","名称","分類","操作"
"0","cf_j_hips","体のトップ","0","0"
"1","cf_j_head","頭","10","0"
"2","cf_j_neck","首","10","0"
"3","cf_j_spine02","体幹2","0","0"
"4","cf_j_spine01","体幹１","0","0"
"5","cf_j_waist01","腰","0","0"
"6","cf_j_thigh00_R","太もも・脚付根","1","0"
"7","cf_j_leg01_R","ヒザ","1","0"
"8","cf_j_leg03_R","足首","1","0"
"9","cf_j_toes_R","つま先","1","0"
"10","cf_j_thigh00_L","太もも・脚付根","2","0"
"11","cf_j_leg01_L","ヒザ","2","0"
"12","cf_j_leg03_L","足首","2","0"
"13","cf_j_toes_L","つま先","2","0"
"14","cf_j_shoulder_R","肩","3","0"
"15","cf_j_arm00_R","上腕","3","0"
"16","cf_j_forearm01_R","前腕","3","0"
"17","cf_j_hand_R","手","3","0"
"18","cf_j_shoulder_L","肩","4","0"
"19","cf_j_arm00_L","上腕","4","0"
"20","cf_j_forearm01_L","前腕","4","0"
"21","cf_j_hand_L","手","4","0"
"22","cf_j_thumb01_R","親指","5","1"
"23","cf_j_thumb02_R","親指","5","1"
"24","cf_j_thumb03_R","親指","5","1"
"25","cf_j_index01_R","人差し指","5","1"
"26","cf_j_index02_R","人差し指","5","1"
"27","cf_j_index03_R","人差し指","5","1"
"28","cf_j_middle01_R","中指","5","1"
"29","cf_j_middle02_R","中指","5","1"
"30","cf_j_middle03_R","中指","5","1"
"31","cf_j_ring01_R","薬指","5","1"
"32","cf_j_ring02_R","薬指","5","1"
"33","cf_j_ring03_R","薬指","5","1"
"34","cf_j_little01_R","小指","5","1"
"35","cf_j_little02_R","小指","5","1"
"36","cf_j_little03_R","小指","5","1"
"37","cf_j_thumb01_L","親指","6","1"
"38","cf_j_thumb02_L","親指","6","1"
"39","cf_j_thumb03_L","親指","6","1"
"40","cf_j_index01_L","人差し指","6","1"
"41","cf_j_index02_L","人差し指","6","1"
"42","cf_j_index03_L","人差し指","6","1"
"43","cf_j_middle01_L","中指","6","1"
"44","cf_j_middle02_L","中指","6","1"
"45","cf_j_middle03_L","中指","6","1"
"46","cf_j_ring01_L","薬指","6","1"
"47","cf_j_ring02_L","薬指","6","1"
"48","cf_j_ring03_L","薬指","6","1"
"49","cf_j_little01_L","小指","6","1"
"50","cf_j_little02_L","小指","6","1"
"51","cf_j_little03_L","小指","6","1"
"52","","左胸","11","1"
"53","cf_j_bust01_L","左胸","11","1"
"54","cf_j_bust02_L","左胸","11","1"
"55","cf_j_bust03_L","左胸","11","1"
"56","cf_j_bnip02root_L","左胸","11","1"
"57","cf_j_bnip02_L","左胸","11","1"
"58","","右胸","12","1"
"59","cf_j_bust01_R","右胸","12","1"
"60","cf_j_bust02_R","右胸","12","1"
"61","cf_j_bust03_R","右胸","12","1"
"62","cf_j_bnip02root_R","右胸","12","1"
"63","cf_j_bnip02_R","右胸","12","1"
"64","","胸補助","0","0"
"65","cm_J_dan101_00","男根","0","0"
"66","cm_J_dan109_00","男根","0","0"
"67","cm_J_dan_f_top","玉","0","2"
"68","cm_J_dan_f_L","玉","0","2"
"69","cm_J_dan_f_R","玉","0","2"
"100","cf_J_hairF_00","前髪","7","1"
"101","cf_J_hairF_01","前髪","7","1"
"102","cf_J_hairF_02","前髪","7","1"
"103","cf_J_hairF_03","前髪","7","1"
"104","cf_J_hairFL_00","前髪","7","1"
"105","cf_J_hairFL_01","前髪","7","1"
"106","cf_J_hairFL_02","前髪","7","1"
"107","cf_J_hairFL_03","前髪","7","1"
"108","cf_J_hairFR_00","前髪","7","1"
"109","cf_J_hairFR_01","前髪","7","1"
"110","cf_J_hairFR_02","前髪","7","1"
"111","cf_J_hairFR_03","前髪","7","1"
"112","cf_J_hairFL_01_00","前髪","7","1"
"113","cf_J_hairFL_01_01","前髪","7","1"
"114","cf_J_hairFL_01_02","前髪","7","1"
"115","cf_J_hairFL_01_03","前髪","7","1"
"116","cf_J_hairFR_01_00","前髪","7","1"
"117","cf_J_hairFR_01_01","前髪","7","1"
"118","cf_J_hairFR_01_02","前髪","7","1"
"119","","前髪","7","1"
"120","cf_J_hairFL_02_00","前髪","7","1"
"121","cf_J_hairFL_02_01","前髪","7","1"
"122","cf_J_hairFL_02_02","前髪","7","1"
"123","cf_J_hairFL_02_03","前髪","7","1"
"124","cf_J_hairFL_02_04","前髪","7","1"
"125","cf_J_hairFL_02_05","前髪","7","1"
"126","cf_J_hairFL_02_06","前髪","7","1"
"127","cf_J_hairFR_02_00","前髪","7","1"
"128","cf_J_hairFR_02_01","前髪","7","1"
"129","cf_J_hairFR_02_02","前髪","7","1"
"130","cf_J_hairFR_02_03","前髪","7","1"
"131","cf_J_hairFR_02_04","前髪","7","1"
"132","cf_J_hairFR_02_05","前髪","7","1"
"133","cf_J_hairFR_02_06","前髪","7","1"
"134","cf_J_hairB_00","後髪","8","1"
"135","cf_J_hairB_01","後髪","8","1"
"136","cf_J_hairB_02","後髪","8","1"
"137","cf_J_hairB_03","後髪","8","1"
"138","cf_J_hairB_04","後髪","8","1"
"139","cf_J_hairB_05","後髪","8","1"
"140","cf_J_hairB_06","後髪","8","1"
"141","cf_J_hairB_07","後髪","8","1"
"142","cf_J_hairB_08","後髪","8","1"
"143","cf_J_hairB_09","後髪","8","1"
"144","cf_J_hairB_10","後髪","8","1"
"145","cf_J_hairBL_00","後髪","8","1"
"146","cf_J_hairBL_01","後髪","8","1"
"147","cf_J_hairBL_02","後髪","8","1"
"148","cf_J_hairBL_03","後髪","8","1"
"149","cf_J_hairBL_04","後髪","8","1"
"150","cf_J_hairBL_05","後髪","8","1"
"151","cf_J_hairBL_06","後髪","8","1"
"152","cf_J_hairBR_00","後髪","8","1"
"153","cf_J_hairBR_01","後髪","8","1"
"154","cf_J_hairBR_02","後髪","8","1"
"155","cf_J_hairBR_03","後髪","8","1"
"156","cf_J_hairBR_04","後髪","8","1"
"157","cf_J_hairBR_05","後髪","8","1"
"158","cf_J_hairBR_06","後髪","8","1"
"159","cf_J_hairBpo_01_00","後髪","8","1"
"160","cf_J_hairBpo_01_01","後髪","8","1"
"161","cf_J_hairBpo_01_02","後髪","8","1"
"162","cf_J_hairBpo_01_03","後髪","8","1"
"163","cf_J_hairBpo_01_04","後髪","8","1"
"164","cf_J_hairBpo_01_05","後髪","8","1"
"165","cf_J_hairBpo_01_06","後髪","8","1"
"166","cf_J_hairBL_02_00","後髪","8","1"
"167","cf_J_hairBL_02_01","後髪","8","1"
"168","cf_J_hairBL_02_02","後髪","8","1"
"169","cf_J_hairBR_02_00","後髪","8","1"
"170","cf_J_hairBR_02_01","後髪","8","1"
"171","cf_J_hairBR_02_02","後髪","8","1"
"172","cf_J_hairBpo_02_00","後髪","8","1"
"173","cf_J_hairBpo_02_01","後髪","8","1"
"174","cf_J_hairBpo_02_02","後髪","8","1"
"175","cf_J_hairBpo_02_03","後髪","8","1"
"176","cf_J_hairBpo_02_04","後髪","8","1"
"177","cf_J_hairBri_01_00","後髪","8","1"
"178","cf_J_hairBri_01_01","後髪","8","1"
"179","cf_J_hairBri_01_02","後髪","8","1"
"180","cf_J_hairBri_01_03","後髪","8","1"
"181","cf_J_hairBri_02_00","後髪","8","1"
"182","cf_J_hairBri_02_01","後髪","8","1"
"183","cf_J_hairBri_02_02","後髪","8","1"
"184","cf_J_hairBri_02_03","後髪","8","1"
"185","cf_J_hairBri_03_00","後髪","8","1"
"186","cf_J_hairBri_03_01","後髪","8","1"
"187","cf_J_hairBri_04_00","後髪","8","1"
"188","cf_J_hairBri_04_01","後髪","8","1"
"189","cf_J_hairB_twin_L_00","後髪","8","1"
"190","cf_J_hairB_twin_L_01","後髪","8","1"
"191","cf_J_hairB_twin_L_02","後髪","8","1"
"192","cf_J_hairB_twin_L_03","後髪","8","1"
"193","cf_J_hairB_twin_L_04","後髪","8","1"
"194","cf_J_hairB_twin_L_05","後髪","8","1"
"195","cf_J_hairB_twin_L_06","後髪","8","1"
"196","cf_J_hairB_twin_L_07","後髪","8","1"
"197","cf_J_hairB_twin_R_00","後髪","8","1"
"198","cf_J_hairB_twin_R_01","後髪","8","1"
"199","cf_J_hairB_twin_R_02","後髪","8","1"
"200","cf_J_hairB_twin_R_03","後髪","8","1"
"201","cf_J_hairB_twin_R_04","後髪","8","1"
"202","cf_J_hairB_twin_R_05","後髪","8","1"
"203","cf_J_hairB_twin_R_06","後髪","8","1"
"204","cf_J_hairB_twin_R_07","後髪","8","1"
"205","cf_J_hairSL_00_00","横髪","9","1"
"206","cf_J_hairSL_00_01","横髪","9","1"
"207","cf_J_hairSL_00_02","横髪","9","1"
"208","cf_J_hairSL_00_03","横髪","9","1"
"209","cf_J_hairSL_00_04","横髪","9","1"
"210","cf_J_hairSL_00_05","横髪","9","1"
"211","cf_J_hairSL_00_06","横髪","9","1"
"212","cf_J_hairSR_00_00","横髪","9","1"
"213","cf_J_hairSR_00_01","横髪","9","1"
"214","cf_J_hairSR_00_02","横髪","9","1"
"215","cf_J_hairSR_00_03","横髪","9","1"
"216","cf_J_hairSR_00_04","横髪","9","1"
"217","cf_J_hairSR_00_05","横髪","9","1"
"218","cf_J_hairSR_00_06","横髪","9","1"
"219","cf_j_sk_00_00","スカート(正面)","13","1"
"220","cf_j_sk_00_01","スカート(正面)","13","1"
"221","cf_j_sk_00_02","スカート(正面)","13","1"
"222","cf_j_sk_00_03","スカート(正面)","13","1"
"223","cf_j_sk_00_04","スカート(正面)","13","1"
"224","cf_j_sk_00_05","スカート(正面)","13","1"
"225","cf_j_sk_01_00","スカート(前右)","13","1"
"226","cf_j_sk_01_01","スカート(前右)","13","1"
"227","cf_j_sk_01_02","スカート(前右)","13","1"
"228","cf_j_sk_01_03","スカート(前右)","13","1"
"229","cf_j_sk_01_04","スカート(前右)","13","1"
"230","cf_j_sk_01_05","スカート(前右)","13","1"
"231","cf_j_sk_02_00","スカート(右)","13","1"
"232","cf_j_sk_02_01","スカート(右)","13","1"
"233","cf_j_sk_02_02","スカート(右)","13","1"
"234","cf_j_sk_02_03","スカート(右)","13","1"
"235","cf_j_sk_02_04","スカート(右)","13","1"
"236","cf_j_sk_02_05","スカート(右)","13","1"
"237","cf_j_sk_03_00","スカート(後ろ右)","13","1"
"238","cf_j_sk_03_01","スカート(後ろ右)","13","1"
"239","cf_j_sk_03_02","スカート(後ろ右)","13","1"
"240","cf_j_sk_03_03","スカート(後ろ右)","13","1"
"241","cf_j_sk_03_04","スカート(後ろ右)","13","1"
"242","cf_j_sk_03_05","スカート(後ろ右)","13","1"
"243","cf_j_sk_04_00","スカート(後ろ)","13","1"
"244","cf_j_sk_04_01","スカート(後ろ)","13","1"
"245","cf_j_sk_04_02","スカート(後ろ)","13","1"
"246","cf_j_sk_04_03","スカート(後ろ)","13","1"
"247","cf_j_sk_04_04","スカート(後ろ)","13","1"
"248","cf_j_sk_04_05","スカート(後ろ)","13","1"
"249","cf_j_sk_05_00","スカート(後ろ左)","13","1"
"250","cf_j_sk_05_01","スカート(後ろ左)","13","1"
"251","cf_j_sk_05_02","スカート(後ろ左)","13","1"
"252","cf_j_sk_05_03","スカート(後ろ左)","13","1"
"253","cf_j_sk_05_04","スカート(後ろ左)","13","1"
"254","cf_j_sk_05_05","スカート(後ろ左)","13","1"
"255","cf_j_sk_06_00","スカート(左)","13","1"
"256","cf_j_sk_06_01","スカート(左)","13","1"
"257","cf_j_sk_06_02","スカート(左)","13","1"
"258","cf_j_sk_06_03","スカート(左)","13","1"
"259","cf_j_sk_06_04","スカート(左)","13","1"
"260","cf_j_sk_06_05","スカート(左)","13","1"
"261","cf_j_sk_07_00","スカート(前左)","13","1"
"262","cf_j_sk_07_01","スカート(前左)","13","1"
"263","cf_j_sk_07_02","スカート(前左)","13","1"
"264","cf_j_sk_07_03","スカート(前左)","13","1"
"265","cf_j_sk_07_04","スカート(前左)","13","1"
"266","cf_j_sk_07_05","スカート(前左)","13","1"
