"name","Mune_L","Mune_R","Siri_L","Siri_R","UDPos_L","UDPos_R","LRRot_L","LRRot_R","LRPos_L","LRPos_R","UDRot_L","UDRot_R","Sharpness_L","Sharpness_R","Shape_L","Shape_R","Bulge_NipL","Bulge_NipR","Thickness_NipL","Thickness_NipR","Sharpness_NipL","Sharpness_NipR"
"Idle","True","True","True","True","True","True","False","False","False","False","True","True","True","True","True","True","True","True","True","True","True","True"
"Stop_Idle","False","False","True","True","False","False","False","False","False","False","False","False","False","False","False","False","False","False","True","True","True","True"
"WLoop","False","False","True","True","False","False","False","False","False","False","False","False","False","False","False","False","False","False","True","True","True","True"
"SLoop","False","False","True","True","False","False","False","False","False","False","False","False","False","False","False","False","False","False","True","True","True","True"
"OLoop","False","False","True","True","False","False","False","False","False","False","False","False","False","False","False","False","False","False","True","True","True","True"
"M_OUT_Start","False","False","True","True","False","False","False","False","False","False","False","False","False","False","False","False","False","False","True","True","True","True"
"M_OUT_Loop","False","False","True","True","False","False","False","False","False","False","False","False","False","False","False","False","False","False","True","True","True","True"
"OUT_A","False","False","True","True","False","False","False","False","False","False","False","False","False","False","False","False","False","False","True","True","True","True"
"IN_Start","False","False","True","True","False","False","False","False","False","False","False","False","False","False","False","False","False","False","True","True","True","True"
"IN_Loop","False","False","True","True","False","False","False","False","False","False","False","False","False","False","False","False","False","False","True","True","True","True"
"Oral_Idle_IN","True","True","True","True","False","False","False","False","False","False","False","False","False","False","False","False","False","False","True","True","True","True"
"Oral_Idle","True","True","True","True","False","False","False","False","False","False","False","False","False","False","False","False","False","False","True","True","True","True"
"Drink_IN","True","True","True","True","False","False","False","False","False","False","False","False","False","False","False","False","False","False","True","True","True","True"
"Drink","True","True","True","True","False","False","False","False","False","False","False","False","False","False","False","False","False","False","True","True","True","True"
"Drink_A","True","True","True","True","False","False","False","False","False","False","False","False","False","False","False","False","False","False","True","True","True","True"
"Vomit_IN","True","True","True","True","False","False","False","False","False","False","False","False","False","False","False","False","False","False","True","True","True","True"
"Vomit","True","True","True","True","False","False","False","False","False","False","False","False","False","False","False","False","False","False","True","True","True","True"
"Vomit_A","True","True","True","True","False","False","False","False","False","False","False","False","False","False","False","False","False","False","True","True","True","True"
